{
  "roc_auc": 0.8842747297345889,
  "f1_scores": {
    "Random Forest": 0.8268925357331922,
    "XGBoost": 0.8173731030873888,
    "LSTM": 0.04394046775336641,
    "GNN": 0.4553163731245923,
    "Hybrid": 0.7288732394366197,
    "rl_dqn": 0.7977755308392316,
    "federated": 0.37768440709617185
  },
  "final_model_metrics": {
    "0": {
      "precision": 0.9712131596984236,
      "recall": 1.0,
      "f1-score": 0.9853963838664812,
      "support": 15587.0
    },
    "1": {
      "precision": 1.0,
      "recall": 0.5734072022160664,
      "f1-score": 0.7288732394366197,
      "support": 1083.0
    },
    "accuracy": 0.9722855428914217,
    "macro avg": {
      "precision": 0.9856065798492117,
      "recall": 0.7867036011080333,
      "f1-score": 0.8571348116515505,
      "support": 16670.0
    },
    "weighted avg": {
      "precision": 0.9730833545422513,
      "recall": 0.9722855428914217,
      "f1-score": 0.9687308430495922,
      "support": 16670.0
    }
  }
}